,lat,lon
0,-37.741471,144.918649
1,43.19255,5.61277
2,43.67121,7.20069
3,43.19255,5.61277
4,40.593751,8.167206
5,40.593768,8.166887
6,40.594124,8.166778
7,40.594321,8.166572
8,40.593983,8.167709
9,40.821021,8.519154
10,40.816728,8.488633
11,40.81535,8.484535
12,40.815339,8.484532
13,40.816359,8.488337
14,40.622444,8.314361
15,37.039717,-7.985927
16,-34.050031,18.422932
17,-34.057293,18.430266
18,-34.060855,18.426518
19,-34.060904,18.425212
20,-34.053188,18.430829
21,-34.054365,18.435452
22,-34.052234,18.426189
23,-34.050054,18.423211
24,-34.051761,18.428791
25,34.045036,-117.162231
26,34.273906,-118.614864
27,34.084153,-117.166269
28,33.980687,-117.270692
29,39.74622,-121.805887
30,39.74628,-121.805938
31,34.274374,-118.614815
33,-21.13317,55.53241
34,39.323472,-121.838013
35,39.323688,-121.83812
136,-18.9494,47.5746
137,-18.9494,47.5746
138,-15.6442,46.5004
139,-18.9127,47.5579
140,-13.4086,49.2031
141,-20.9979,55.2794
142,-13.4086,49.2031
143,-13.4086,49.2031
144,-13.4086,49.2031
397,-13.4086,49.2031
398,-13.4086,49.2031
399,-13.4086,49.2031
400,-13.4086,49.2031
401,-13.4086,49.2031
402,-13.4086,49.2031
403,-13.4086,49.2031
404,-13.4086,49.2031
405,-20.9979,55.2794
406,-21.0563,55.2655
407,-21.0563,55.2655
408,-18.0754,49.3706
409,-20.9979,55.2794
410,-13.4086,49.2031
411,-21.0563,55.2655
412,-15.6442,46.5004
413,-13.4086,49.2031
414,-18.9494,47.5746
415,-13.4086,49.2031
416,-13.4086,49.2031
417,-13.4086,49.2031
418,-13.4086,49.2031
419,34.442592,-119.847008
420,39.73867,-122.169962
421,33.969178,-117.262488
422,38.591831,-121.334385
423,34.273027,-118.614867
424,34.054376,-117.049689
425,36.826316,-2.511398
426,36.82624,-2.511472
463,38.148699,23.835011
464,39.40005,-8.538848
465,34.579304,32.983143
466,-21.13317,55.53241
467,34.273245,-118.615087
468,33.977947,-117.266792
469,34.039421,-117.104385
479,40.816728,8.488633
480,40.593983,8.167709
481,40.594124,8.166778
482,40.622444,8.314361
483,39.538568,24.989857
484,38.334842,21.867175
485,38.524886,-121.789914
486,37.851882,23.751979
508,28.259824,-105.499749
509,-32.753012,19.291512
510,28.260956,-105.497415
511,38.526725,-121.804798
512,33.939083,-117.62303
513,38.588577,-121.33344
514,34.381574,-118.612736
515,38.89208,-121.976972
516,34.042791,-117.098343
517,34.042662,-117.098899
549,39.172176,26.504388
550,39.17218,26.504399
552,39.103671,26.086885
553,37.472167,-7.472855
554,-34.246174,150.511492
555,-33.955772,150.97196
556,37.88725,23.747513
557,-34.059577,18.410955
558,34.14644,-118.053447
559,34.363332,-118.720372
560,37.472167,-7.472855
561,34.273937,-118.61499
562,34.274808,-118.61504
1079,32.284263,-111.030814
1080,32.213618,-110.923365
1081,34.27891,-118.604592
1082,34.271793,-118.759762
1083,34.190302,-118.175103
1085,-25.44,27.51
1086,-25.43,28.14
1087,-0.06,34.45
1088,36.53,6.54
1099,32.5,35.5
1100,32.5,35.5
1101,32.5,35.5
1102,32.5,35.5
1103,32.5,35.5
1104,32.5,35.5
1105,32.5,35.5
1106,32.5,35.5
1107,32.5,35.5
1108,32.5,35.5
1109,32.5,35.5
1110,32.5,35.5
1111,32.5,35.5
1112,32.5,35.5
1113,32.5,35.5
1114,32.5,35.5
1115,32.5,35.5
1116,32.5,35.5
1117,32.5,35.5
1118,32.5,35.5
1119,32.5,35.5
1120,32.5,35.5
1121,32.5,35.5
1122,32.5,35.5
1123,32.5,35.5
1124,32.5,35.5
1125,32.5,35.5
1126,32.5,35.5
1127,32.5,35.5
1128,32.5,35.5
1129,32.5,35.5
1130,32.5,35.5
1131,32.5,35.5
1132,32.5,35.5
1133,32.5,35.5
1134,32.5,35.5
1135,32.5,35.5
1136,32.5,35.5
1137,32.5,35.5
1138,32.5,35.5
1139,32.5,35.5
1140,32.5,35.5
1141,32.5,35.5
1142,32.5,35.5
1143,32.5,35.5
1144,32.5,35.5
1145,32.5,35.5
1146,32.5,35.5
1147,32.5,35.5
1148,32.5,35.5
1149,36.533333,-6.283333
1150,36.533333,-6.283333
1151,32.5,35.5
1152,34.883335,35.883335
1153,34.883335,35.883335
1154,34.883335,35.883335
1155,34.883335,35.883335
1156,0.0,0.0
1157,-0.1,34.75
1158,32.5,35.5
1159,28.0,3.0
1160,27.0,30.0
1161,9.0,39.5
1162,8.1,-1.2
1163,1.0,38.0
1164,-20.0,47.0
1165,-13.5,34.0
1166,-20.3,57.58333
1167,32.0,-6.0
1168,-18.25,35.0
1169,-21.1,55.6
1170,-2.0,30.0
1171,8.5,-11.5
1172,-29.0,24.0
1173,-6.0,35.0
1174,34.0,9.0
1175,1.25,32.5
1176,-19.0,29.75
1177,13.0,105.0
1178,35.0,105.0
1179,26.25,118.0
1180,23.5,113.25
1181,24.0,109.0
1182,19.25,109.75
1183,27.66667,115.66667
1184,30.5,102.66667
1185,25.0,101.5
1186,22.0,79.0
1187,15.83333,79.75
1188,28.6667,77.1
1189,15.33333,74.08333
1190,23.0,71.75
1191,29.25,76.33333
1192,33.91667,76.66667
1193,14.66667,75.83333
1194,10.41667,76.5
1195,23.5,78.5
1196,19.5,76.0
1197,20.5,84.41667
1198,30.91667,75.41667
1199,11.0,78.33333
1200,27.25,80.75
1201,30.25,79.25
1202,-5.0,120.0
1203,32.0,53.0
1204,33.0,44.0
1205,31.5,34.75
1206,31.0,36.0
1207,18.0,105.0
1208,2.5,112.5
1209,5.5,117.0
1210,7.75,80.75
1211,35.0,38.0
1212,24.0,121.0
1213,15.5,101.0
1214,39.0,35.0
1215,16.16667,107.83333
1216,35.0,33.0
1217,46.0,2.0
1218,42.06153,8.9542
1219,36.13333,-5.35
1220,39.0,22.0
1221,42.83333,12.83333
1222,40.0,9.0
1223,37.75,14.25
1224,35.91667,14.43333
1225,42.75,19.25
1226,39.6945,-8.13057
1227,40.0,-4.0
1228,39.58876,2.90314
1229,54.75844,-2.69531
1230,23.0,-102.0
1231,39.76,-98.5
1232,28.75054,-82.5001
1233,-25.0,135.0
1234,-33.0,146.0
1235,-20.0,145.0
1236,-34.0,-64.0
1237,-10.0,-55.0
1238,-12.0,-42.0
1239,-20.0,-40.75
1240,-15.58071,-49.63623
1241,-5.0,-45.0
1242,-20.5,-55.0
1243,-18.0,-44.0
1244,-24.5,-51.33333
1245,-8.33333,-37.75
1246,-30.0,-53.5
1247,-22.0,-49.0
1248,-10.5,-37.33333
1249,-10.5,-48.0
1250,-30.0,-71.0
1251,-23.33333,-58.0
1252,-33.0,-56.0
1253,0.452,34.16
1254,0.363,34.172
1255,-0.08,34.999
1256,-3.616,38.156
1257,-1.284,35.099
1258,-1.0,36.82
1259,-6.789,37.0
1260,-8.6,34.715
1261,-5.116,31.937
1262,-25.753,27.744
1263,0.657,34.208
1264,-25.959,32.03
1265,-28.465,21.287
1266,-25.615,27.795
1267,-30.572,30.57
1268,-28.606,32.084
1269,1.0,38.0
1270,-18.25,35.0
1271,-30.0,26.0
1272,-6.0,35.0
1273,2.0,33.0
1274,-19.0,29.0
1275,10.148,39.331
1276,8.0,38.0
1277,-23.506,-51.999
1278,26.129,-79.855
1279,19.323,-99.176
1280,19.463,-99.072
1281,19.405,-99.12
1282,19.354,-99.089
1283,19.453,-99.114
1284,19.254,-99.108
1285,20.649,-103.336
1286,18.863,-98.961
1287,19.479,-99.058
1288,19.333,-98.876
1289,23.709,-99.051
1290,-21.463,-46.522
1291,-12.0,-42.0
1292,-10.0,-55.0
1293,-15.581,-49.636
1294,-5.0,-45.0
1295,-18.0,-44.0
1296,-24.0,-51.0
1297,-22.0,-49.0
1298,-10.5,-48.0
1299,28.751,-82.5
1300,39.76,-98.5
1301,-33.0,-56.0
1302,36.864,43.0
1303,36.864,43.0
1304,32.0,34.832
1305,36.133,36.067
1306,36.967,35.483
1307,36.95,35.633
1308,36.983,35.667
1309,37.017,35.733
1310,37.25,35.65
1311,37.367,35.85
1312,37.333,35.917
1313,37.35,36.05
1314,37.367,36.083
1315,37.117,36.2
1316,37.283,36.35
1317,33.033,35.833
1318,32.967,35.8
1319,32.767,35.4
1320,33.067,35.583
1321,32.5,35.45
1322,32.433,34.9
1323,32.083,34.867
1324,29.662,52.468
1325,28.0,3.0
1326,46.0,2.0
1327,39.0,22.0
1328,32.0,53.0
1329,31.5,34.75
1330,42.833,12.833
1331,31.0,36.0
1332,35.917,14.433
1333,32.0,-5.0
1334,39.5,-8.0
1335,40.0,-4.0
1336,35.0,38.0
1337,34.0,9.0
1338,39.0,35.0
1339,24.998,121.588
1340,25.031,121.51
1341,25.093,121.343
1342,25.183,121.487
1343,23.637,120.557
1344,23.636,120.557
1345,17.667,81.0
1346,21.341,105.724
1347,22.133,108.0
1348,7.64,80.377
1349,18.32,109.5
1350,19.499,109.563
1351,21.267,110.083
1352,15.491,74.982
1353,35.0,105.0
1354,23.0,113.0
1355,24.0,109.0
1356,19.2,109.6
1357,16.0,79.0
1358,20.0,77.0
1359,13.5,76.0
1360,10.0,76.5
1361,11.0,78.0
1362,18.0,105.0
1363,15.0,100.0
1364,16.167,107.833
1365,-25.333,151.133
1366,-26.083,151.433
1367,-17.367,144.633
1368,-17.417,144.817
1369,-16.95,144.617
1370,-26.689,150.016
1371,-27.5,151.05
1372,-27.467,152.983
1373,-27.533,153.0
1374,-17.56,144.567
1375,31.166667,104.283333
1376,26.816667,102.25
1377,25.6,114.716667
1378,26.5,117.95
1379,18.15,108.933333
1380,26.1,103.166667
1381,22.233333,108.016667
1382,21.95,107.783333
1383,22.85,108.283333
1384,22.833333,108.283333
1385,23.05,111.05
1386,23.266667,108.4
1387,22.5,110.016667
1388,21.866667,109.2
1389,13.640336,103.176781
1390,13.640048,103.177023
1391,13.640048,103.177023
1392,13.64028,103.177761
1393,13.688814,102.792516
1394,13.688291,102.798704
1395,13.605078,102.960212
1396,13.604782,102.960427
1397,11.897941,104.53792
1398,11.899676,104.559661
1399,11.886005,104.527536
1400,11.868181,104.528017
1401,12.093978,104.695548
1402,12.09442,104.711913
1403,13.605078,102.960212
1404,13.604619,102.960428
1405,13.640336,103.176781
1406,13.640048,103.177023
1407,13.64028,103.177761
1408,13.688291,102.798704
1409,13.688814,102.792516
1410,13.288379,102.740208
1411,13.288927,102.70854
1412,13.036995,103.052196
1413,13.037081,103.052813
1414,12.052275,105.28342
1415,12.052411,105.282933
1416,12.056629,105.218254
1417,12.03359,104.985365
1418,12.028996,104.979017
1419,11.897941,104.538085
1420,11.899676,104.559661
1421,12.489942,106.025337
1422,11.192705,105.367628
1423,11.192705,105.367628
1424,10.772452,103.81017
1425,11.33228,104.315189
1426,11.332299,104.315189
1427,11.346891,104.337414
1428,11.34824,104.338208
1429,11.325706,104.315205
1430,11.346891,104.337414
1431,11.34824,104.338208
1432,11.120048,103.955039
1433,11.329443,104.32008
1434,11.427362,104.803362
1435,11.388653,104.774992
1436,11.369652,105.247604
1437,11.369652,105.247604
1438,11.358862,105.248016
1439,11.34235,105.246407
1440,11.736576,104.982866
1441,11.736576,104.982866
1442,11.736576,104.982866
1443,11.736576,104.982866
1444,11.736576,104.982866
1445,11.736576,104.982866
1446,11.736576,104.982866
1447,11.736576,104.982866
1448,11.736576,104.982866
1449,11.736576,104.982866
1450,11.736576,104.982866
1451,11.736576,104.982866
1452,11.736576,104.982866
1453,11.736576,104.982866
1454,11.736576,104.982866
1455,11.736576,104.982866
1456,11.736576,104.982866
1457,11.736576,104.982866
1458,11.736576,104.982866
1459,11.736576,104.982866
1460,11.736576,104.982866
1461,11.736576,104.982866
1462,11.736576,104.982866
1463,11.736576,104.982866
1464,11.736576,104.982866
1465,11.736576,104.982866
1466,11.736576,104.982866
1467,11.736576,104.982866
1468,11.736576,104.982866
1469,11.736576,104.982866
1470,11.736576,104.982866
1471,11.736576,104.982866
1472,11.736576,104.982866
1473,11.736576,104.982866
1474,11.736576,104.982866
1475,11.736576,104.982866
1476,11.736576,104.982866
1477,10.583256,104.25808
1478,10.532922,104.294794
1479,10.508362,104.337672
1480,10.528026,104.334806
1481,10.526886,104.374691
1482,10.700127,104.579493
1483,10.869375,104.651732
1484,10.523154,104.357947
1485,11.120057,103.955021
1486,11.118142,103.955385
1487,11.120057,103.955021
1488,11.118169,103.955385
1489,11.107899,104.373358
1490,11.107694,104.370374
1491,11.107899,104.373358
1492,11.107694,104.370374
1493,11.229302,105.339459
1494,11.20975,105.354101
1495,11.196291,105.363538
1496,11.196291,105.363538
1497,11.192687,105.367628
1498,11.18457,105.385084
1499,11.1457,105.563075
1500,11.122424,105.699975
1501,11.577822,105.481487
1502,11.560755,105.524306
1503,11.560665,105.524343
1504,11.618055,105.720596
1505,11.529577,105.376294
1506,11.545566,105.39707
1507,11.583786,105.473711
1508,11.614401,105.43119
1509,11.621745,105.43032
1510,11.654979,105.430628
1511,11.700567,105.454079
1512,11.475494,105.326116
1513,11.141586,105.506481
1514,11.145789,105.563936
1515,11.320543,105.644391
1516,11.1419,105.508203
1517,10.272868,104.253208
1518,10.272824,104.253674
1519,13.658624,103.935415
1520,13.662188,103.935852
1521,13.658624,103.935415
1522,13.662188,103.935852
1523,11.145853,105.563249
1524,11.099041,105.761925
1525,11.139677,105.64399
1526,11.119716,105.709272
1527,11.104631,105.746896
1528,11.119716,105.709428
1529,11.122561,105.699188
1530,11.122561,105.699188
1531,11.122561,105.699188
1532,11.122561,105.699188
1533,11.122561,105.699188
1534,11.139658,105.644338
1535,11.04305,104.681356
1536,11.283982,104.803524
1537,11.132979,104.779871
1538,10.94238,104.654686
1539,11.071136,104.686023
1540,10.964045,104.667337
1541,11.910717,105.666244
1542,11.96144,105.510205
1543,11.962187,105.49721
1544,16.550163,104.85724
1545,18.109722,102.75194
1546,18.281111,102.76306
1547,18.275,102.76194
1548,18.273333,102.68056
1549,18.3425,102.66111
1550,18.305278,102.67056
1551,18.282222,102.71667
1552,18.169722,102.625
1553,16.40062,106.49432
1554,16.53398,106.45922
1555,16.58194,106.42978
1556,16.62205,106.56377
1557,16.618,106.53969
1558,16.61879,106.52972
1559,16.62208,106.50536
1560,16.61313,106.48925
1561,16.61847,106.47121
1562,16.62129,106.45338
1563,16.644669,106.39187
1564,16.64672,106.36089
1565,16.66682,106.23937
1566,16.68246,106.25657
1567,16.68321,106.25079
1568,16.6861,106.2462
1569,16.69117,106.23734
1570,16.70824,106.18242
1571,16.71089,106.15159
1572,16.69282,106.13189
1573,16.64105,106.10682
1574,16.66012,106.11582
1575,16.67851,106.12955
1576,16.68833,106.12948
1577,16.69403,105.40538
1578,16.70291,105.35578
1579,16.70563,105.32267
1580,16.70872,105.27425
1581,16.70996,105.2413
1582,16.70319,105.16013
1583,16.69278,105.11647
1584,16.6939,105.06504
1585,16.56011,105.72407
1586,16.5933,105.67223
1587,16.60795,105.6557
1588,16.63573,105.64365
1589,16.69153,105.50784
1590,16.61701,106.10764
1591,16.57512,106.0741
1592,16.58081,105.87909
1593,16.57538,105.86658
1594,16.57474,105.82907
1595,16.57668,105.82262
1596,16.57587,105.79481
1597,16.56911,105.77732
1598,16.56999,105.75948
1599,16.70085,106.14176
1600,16.68404,104.95724
1601,16.71492,104.94007
1602,16.72885,104.92033
1603,16.74018,104.90624
1604,16.80237,104.9069
1605,16.83211,104.90321
1606,16.87767,104.90576
1607,17.18883,105.00359
1608,17.22857,104.99699
1609,17.27536,104.98505
1610,17.28523,104.97471
1611,16.9338,104.91102
1612,16.95654,104.91505
1613,16.9693,104.92046
1614,17.01259,104.97583
1615,17.0468,104.99481
1616,17.3831,104.82314
1617,17.38055,104.81004
1618,17.63634,104.66302
1619,17.82528,104.45129
1620,17.89555,104.38857
1621,18.38602,103.70651
1622,18.14607,104.25281
1623,18.25346,104.17906
1624,18.28623,104.07405
1625,18.32574,103.88897
1626,18.70844,102.92125
1627,18.14672,103.053
1628,18.39819,103.62921
1629,18.41332,103.61062
1630,18.4334,103.562
1631,18.43516,103.4165
1632,18.40414,103.22038
1633,18.38094,103.20277
1634,18.35794,103.19821
1635,18.28688,103.17204
1636,18.04979,102.8624
1637,14.3,105.9268
1638,14.07268,105.89706
1639,14.88095,105.88033
1640,14.09155,105.84133
1641,14.12745,105.87446
1642,14.45207,105.88797
1643,14.19602,105.91011
1644,14.24778,105.91892
1645,14.28914,105.91589
1646,14.32621,105.91519
1647,14.37936,105.90543
1648,14.42645,105.88594
1649,14.46566,105.88353
1650,14.49513,105.88059
1651,14.53217,105.88314
1652,14.67229,105.90908
1653,14.73421,105.9625
1654,14.80886,105.97272
1655,14.82999,105.95517
1656,14.90343,105.93494
1657,14.92427,105.93818
1658,14.96782,105.92097
1659,15.20285,105.74049
1660,15.26899,105.71335
1661,15.18252,105.75294
1662,15.24425,105.72346
1663,15.27749,105.72401
1664,15.29213,105.73265
1665,15.32507,105.76407
1666,15.34032,105.77909
1667,15.39305,105.8065
1668,15.10275,105.77026
1669,15.12284,105.63965
1670,15.13565,105.62922
1671,15.15625,105.57833
1672,15.1438,105.51234
1673,15.13986,105.51825
1674,15.13567,105.049406
1675,15.67682,105.75968
1676,15.68647,105.7815
1677,15.69224,105.77496
1678,15.70013,105.76659
1679,15.42857,105.77789
1680,19.4,103.17631
1681,19.42751,103.15924
1682,19.37949,103.17026
1683,19.37422,103.159332
1684,19.56152,103.29231
1685,19.57803,103.3215
1686,19.46456,103.18089
1687,19.47475,103.16057
1688,19.47589,103.14368
1689,19.5602,103.08742
1690,15.49396,106.27123
1691,15.66759,106.30971
1692,15.69969,106.40422
1693,15.74051,106.37729
1694,15.8356,106.38867
1695,15.85061,106.38596
1696,15.71332,106.39735
1697,15.65252,105.83937
1698,15.71352,106.36418
1699,15.71072,106.33377
1700,15.70775,106.32389
1701,15.7579,106.19687
1702,15.69546,106.04041
1703,15.69668,106.02245
1704,15.69893,106.00878
1705,15.69525,105.96556
1706,15.69554,105.96563
1707,15.67509,105.93421
1708,15.66298,105.89281
1709,15.74991,105.73898
1710,15.76468,105.72858
1711,15.80554,105.69422
1712,15.86153,105.60257
1713,15.89989,105.55766
1714,15.98514,105.84678
1715,16.34836,105.07578
1716,16.48265,105.04411
1717,16.04049,105.42559
1718,16.0717,105.40222
1719,16.11477,105.36746
1720,16.1276,105.35808
1721,16.22469,105.24325
1722,16.27298,105.14434
1723,16.32435,105.12059
1724,16.56682,105.02859
1725,16.58202,105.03685
1726,17.65534,104.64887
1727,17.6781,104.61144
1728,17.87061,104.41651
1729,16.6366,105.01566
1730,16.71539,104.93987
1731,16.74375,104.90356
1732,16.80294,104.90704
1733,18.25366,104.17893
1734,18.41356,103.6109
1735,17.24561,104.99006
1736,17.28461,107.97562
1737,18.45334,103.46152
1738,17.01218,104.9748
1739,17.04432,104.99509
1740,16.53386,106.45982
1741,16.58302,106.42869
1742,16.62199,106.56387
1743,16.61782,106.53319
1744,16.6467,106.39188
1745,16.64708,106.35786
1746,16.69151,106.23656
1747,16.70787,106.183333
1748,16.70719,106.14806
1749,16.69298,106.13209
1750,16.68822,106.12949
1751,16.66772,106.11771
1752,16.617,106.10776
1753,16.67147,106.12485
1754,16.70264,106.14263
1755,16.69318,105.45264
1756,16.694,105.40116
1757,16.70059,105.35978
1758,16.70846,105.2746
1759,16.70318,105.16013
1760,16.7018,105.12998
1761,16.69376,105.065
1762,16.56128,105.72936
1763,16.58731,105.67595
1764,16.61575,105.65047
1765,16.64082,105.63506
1767,16.54374,105.95933
1768,16.58059,105.87759
1769,16.57483,105.83681
1770,16.57612,105.82713
1771,16.56785,105.79725
1772,16.56914,105.77831
1773,16.57001,105.75961
1774,16.56273,105.74446
1775,16.5669,105.02866
1776,16.53281,105.2592
1777,16.51363,105.02849
1778,16.48325,105.04341
1779,16.32738,105.11614
1780,16.2945,105.13706
1781,16.2732,105.14389
1782,16.6366,105.01572
1783,16.62437,105.02167
1784,16.58204,105.03673
1785,16.4515,105.06077
1786,16.3885,105.10544
1787,16.3702,105.10462
1788,16.33525,105.10999
1789,17.6537,104.65096
1790,17.86561,104.42091
1791,17.89553,104.38853
1792,16.71569,104.94038
1793,16.74062,104.90598
1794,16.80212,104.90703
1795,16.83313,104.90378
1796,17.18384,105.00351
1797,17.22779,104.99767
1798,17.24615,104.98997
1799,17.28484,104.97519
1800,16.87927,104.9062
1801,16.9337,104.9111
1802,16.991116,104.93663
1803,17.01187,104.97392
1804,17.03052,104.99615
1805,17.04534,104.99497
1806,18.24149,104.18443
1807,18.25311,104.179
1808,18.32775,105.89631
1809,18.37193,103.75303
1810,18.39818,103.62936
1811,18.39818,103.62936
1812,18.41356,103.61084
1813,18.3818,103.20293
1814,18.61931,102.32727
1815,18.58916,102.23889
1816,18.76091,102.36231
1817,18.52616,101.60089
1818,18.51977,101.60825
1819,18.67864,101.67419
1820,18.67266,101.67001
1821,18.32111,102.05364
1822,18.31601,102.04798
1823,18.28269,102.22571
1824,18.27677,102.22561
1825,13.240278,101.683611
1826,13.75788001,101.684023
1827,13.75788001,101.684023
1828,13.757734,101.683771
1829,13.757734,101.683771
1830,13.980833,102.059167
1831,13.937778,102.1025
1832,13.940556,102.103889
1833,13.93786303,102.102454
1834,13.93786303,102.102454
1835,13.93811197,102.102101
1836,13.93811197,102.102101
1837,13.94060399,102.103739
1838,13.94060399,102.103739
1839,13.98077602,102.05089
1840,13.98077602,102.05089
1841,13.98149796,102.050979
1842,13.98149796,102.050979
1843,14.50871497,101.956984
1844,14.69325598,101.963523
1845,14.67966498,101.896292
1846,14.59262101,101.89095
1847,14.588607,101.892438
1848,14.582078,101.891718
1849,14.49321298,101.94274
1850,14.49436499,101.942288
1851,14.49633398,101.94823
1852,14.60302404,102.023504
1853,13.93235302,101.577816
1854,14.58528701,102.048775
1855,14.56360303,102.080336
1856,14.79811301,101.900756
1857,14.80745204,101.869359
1858,14.66115799,101.460577
1859,14.53787302,101.109796
1860,14.57373901,101.076016
1861,14.53202203,100.974174
1862,17.20286803,100.025059
1863,17.20123499,100.023533
1864,17.20923602,99.96214304
1865,15.78065101,100.120985
1866,16.54260901,100.148251
1867,16.535359,100.149469
1868,16.36766503,100.132208
1869,16.71255796,100.175018
1870,17.17366003,99.92381603
1871,17.04120199,99.91223501
1872,16.96000599,99.959677
1873,16.959303,100.107609
1874,16.92183103,100.181522
1875,14.62236679,101.0362863
1876,14.6228376,101.0359707
1877,14.60432684,101.0417758
1878,12.70405702,101.078159
1879,12.70662297,101.074452
1880,12.70336409,101.0778238
1881,12.70637797,101.074627
1882,12.76485231,99.70633498
1883,12.76495339,99.70639416
1884,12.69687164,101.0717766
1885,12.69130697,101.070594
1886,12.69689301,101.071742
1887,12.692476,101.083026
1888,12.68551801,101.093843
1889,12.71757846,101.0896777
1890,12.55651927,99.87141497
1891,12.75578435,99.7074999
1892,12.77887372,99.70177053
1893,12.76485231,99.70633498
1894,12.76495339,99.70639416
1895,12.74156252,99.69495915
1896,12.74148591,99.69583548
1897,12.76495599,99.70639701
1898,15.38716625,99.74241815
1899,15.38716625,99.74241815
1900,15.52840181,99.48958391
1901,15.72780648,99.54679721
1902,15.94022194,99.46272661
1903,15.94698655,99.46154611
1904,15.95520879,99.45935035
1905,15.96070749,99.45828827
1906,17.10430134,99.07585712
1907,14.18390293,100.2912506
1908,14.18390293,100.2912506
1909,14.22990815,100.2724116
1910,14.22990815,100.2724116
1911,14.22990815,100.2724116
1912,14.22990815,100.2724116
1913,14.33581343,100.2005387
1914,14.33581343,100.2005387
1915,14.33581343,100.2005387
1916,14.33581343,100.2005387
1917,14.63843733,99.92634324
1918,14.63843733,99.92634324
1919,14.63843733,99.92634324
1920,14.63843733,99.92634324
1921,14.63669388,99.88174853
1922,14.67340331,99.85384924
1923,14.70210262,99.84025149
1924,14.72468927,99.8217134
1925,14.72850744,99.81574544
1926,14.81364551,99.620612
1927,14.81364551,99.620612
1928,14.81364551,99.620612
1929,14.81364551,99.620612
1930,14.81364551,99.620612
1931,14.77071891,99.56802137
1932,14.72600162,99.53786292
1933,14.71732796,99.52348978
1934,14.71864029,99.51480741
1935,14.71695964,99.51435758
1936,14.61312868,99.58073384
1937,14.61020576,99.58540563
1938,14.60741931,99.58970628
1939,14.602802,99.60280343
1940,14.59706806,99.62077103
1941,14.59601688,99.62167792
1942,14.49039769,99.72895049
1943,14.50117419,99.73774589
1944,14.50117419,99.73774589
1945,14.49601466,99.73683797
1946,14.49849654,99.74110557
1947,14.50097576,99.73759675
1948,14.49235203,99.7196681
1949,14.38465915,99.73601712
1950,14.3573318,99.7289445
1951,14.35303339,99.73896475
1952,14.60482407,99.50510852
1953,14.59981032,99.50737173
1954,14.59992723,99.51180062
1955,14.59992723,99.51180062
1956,11.79767322,99.77654248
1957,11.62239723,99.68853903
1958,11.62250712,99.68828028
1959,11.7848448,99.75569316
1960,12.55651927,99.87141497
1961,12.56930117,99.86782501
1962,12.73363332,99.92761815
1963,13.64912407,99.462433
1964,13.64912407,99.462433
1965,13.64912407,99.462433
1966,13.64912407,99.462433
1967,13.64912407,99.462433
1968,13.64912407,99.462433
1969,13.64912407,99.462433
1970,13.64912407,99.462433
1971,13.64912407,99.462433
1972,13.64929623,99.46256384
1973,13.5387168,99.55537381
1974,13.54209789,99.55324053
1975,13.61736411,99.41449966
1976,13.61793132,99.4293073
1977,13.63744573,99.46250894
1978,13.65439025,99.45824356
1979,13.65449343,99.45821833
1980,13.64283219,99.54013132
1981,13.64285599,99.540076
1982,13.64295381,99.5398791
1983,13.58476714,99.71294797
1984,13.58445198,99.71281503
1985,16.98428978,99.11996938
1986,17.06135688,99.07013533
1987,17.06135688,99.07013533
1988,17.06135688,99.07013533
1989,17.06135688,99.07013533
1990,17.06135688,99.07013533
1991,17.06135688,99.07013533
1992,17.21088004,99.12250344
1993,17.80925508,99.72705531
1994,16.97302073,99.52073236
1995,16.96202393,99.51201402
1996,16.94963292,99.52199218
1997,16.97726406,99.52273543
1998,16.97732381,99.524107
1999,16.98413676,99.53898651
2000,16.72924831,99.60022591
2001,16.71932297,99.61258635
2002,16.71932297,99.61258635
2003,16.71932297,99.61258635
2004,16.71932297,99.61258635
2005,16.71932297,99.61258635
2006,16.71932297,99.61258635
2007,16.71932297,99.61258635
2008,16.71932297,99.61258635
2009,16.71932297,99.61258635
2010,16.71932297,99.61258635
2011,16.71932297,99.61258635
2012,16.71548845,99.61624177
2013,16.71548845,99.61624177
2014,16.71548845,99.61624177
2015,16.71548845,99.61624177
2016,16.71548845,99.61624177
2017,16.71548845,99.61624177
2018,16.71548845,99.61624177
2019,16.71548845,99.61624177
2020,16.71548845,99.61624177
2021,12.7154565,100.9876714
2022,12.71428705,101.0721767
2023,12.70657553,101.0744651
2024,12.70391344,101.0781064
2025,12.69126532,101.0706294
2026,13.25958333,101.1365195
2027,14.62236679,101.0302863
2028,16.80815298,104.700144
2029,16.88629797,104.681194
2030,17.53701797,103.973332
2031,17.02042602,104.331138
2032,17.67647096,103.762858
2033,17.57643102,103.853667
2034,17.66530802,103.787034
2035,17.691694,103.805765
2036,13.64912407,99.462433
2037,13.61736411,99.41449966
2038,13.58476714,99.71294797
2039,16.25918702,103.58483
2040,16.466818,103.275003
2041,16.46101596,103.275644
2042,16.42235099,103.294353
2043,16.42253498,103.293637
2044,16.37427198,103.378636
2045,15.72388398,102.591854
2046,16.68936498,102.701799
2047,15.38378,102.4634
2048,15.38374099,102.463589
2049,15.12433601,102.294508
2050,14.61986002,102.891019
2051,14.61982003,102.891053
2052,14.65867602,102.627755
2053,14.61217004,103.159743
2054,14.76106097,102.294013
2055,14.76107497,102.293937
2056,15.98101697,103.67573
2057,15.93958003,103.693249
2058,15.75329,103.7411
2059,15.47416,103.7732
2060,15.65133803,103.777918
2061,15.54346997,103.807887
2062,15.47415197,103.773032
2063,15.05890704,103.574243
2064,14.76541897,103.432529
2065,14.61751602,103.361818
2066,14.61768,103.3613
2067,14.4386862,101.8867125
2068,14.8448863,101.748078
2069,14.843503,101.7474384
2070,14.8020491,101.88882
2071,14.789133,101.9346704
2072,13.84597398,100.566347
2073,13.59263096,99.51078996
2074,13.58968698,99.49745804
2075,13.56230004,99.43794804
2076,13.57296702,99.43349297
2077,13.57524002,99.43338099
2078,13.59171901,99.42730403
2079,13.61740602,99.41436497
2080,15.95151803,100.114873
2081,15.95502603,100.114979
2082,16.07932596,100.122227
2083,16.14831498,100.125138
2084,16.16446003,100.126017
2085,16.16450001,100.125777
2086,16.38241399,100.133831
2087,16.58700996,100.144816
2088,16.65039198,100.150197
2089,16.752185,100.186627
2090,18.09076496,99.64779804
2091,18.10168901,99.64112998
2092,17.009277,100.321239
2093,17.34000896,100.232732
2094,17.43475297,100.227563
2095,17.45181299,100.235746
2096,17.50044596,100.229708
2097,17.563441,100.145333
2098,16.82331501,100.307087
2099,17.09541002,100.310138
2100,17.20600102,100.261756
2101,17.33779798,100.232299
2102,13.66594403,101.224466
2103,13.584814,101.27661
2104,13.58242298,101.274478
2105,13.65563404,101.364519
2106,13.748933,101.49277
2107,14.12768598,101.865403
2108,14.20630303,101.904591
2109,14.21816401,101.897631
2110,14.22602498,101.891911
2111,14.38057001,101.869593
2112,14.49578497,101.944696
2113,14.49518901,101.94421
2114,14.39242898,101.786432
2115,14.48007996,101.624089
2116,14.53165499,100.974276
2117,14.52465199,100.979738
2118,14.52508399,100.981931
2119,14.96441813,99.97320986
2120,14.95316282,99.9164844
2121,14.95536125,99.89556228
2122,14.95972035,99.86464265
2123,14.95988185,99.86257892
2124,14.97253723,99.83863657
2125,14.6575315,99.44919264
2126,14.52517489,100.9819053
2127,14.81335818,99.61987702
2128,14.81495112,99.62258588
2129,14.72892857,99.5427472
2130,14.72247277,99.53124947
2131,15.06210825,99.7753684
2132,15.08171496,99.73529042
2133,15.10294631,99.6968014
2134,14.59283812,99.47360825
2135,14.56297632,99.47282968
2136,14.4752395,99.47717161
2137,14.37418747,99.53467447
2138,14.37260853,99.53721202
2139,14.35953386,99.57233029
2140,14.36000257,99.57292503
2141,14.35546901,99.58560042
2142,14.32808043,99.65897046
2143,14.32914237,99.67041625
2144,14.33047105,99.69568878
2145,14.15918008,100.1950468
2146,14.25442516,100.0052115
2147,14.50996359,99.97298498
2148,14.50991276,99.96997813
2149,14.50991276,99.96997813
2150,14.58407529,99.96997813
2151,14.58063082,99.82546548
2152,14.58818285,99.77442589
2153,14.58995333,99.77215762
2154,14.57089893,99.75999589
2155,14.56754104,99.75276255
2156,14.5566133,99.73484808
2157,14.57272616,99.71082172
2158,14.57511106,99.699467
2159,14.57511106,99.699467
2160,14.57704824,99.69562991
2161,14.58062602,99.66858974
2162,14.58537641,99.65445603
2163,14.59599803,99.62196567
2164,14.60085269,99.51851534
2165,14.6458191,99.46047952
2166,14.67992674,99.44445512
2167,14.72509042,99.42368186
2168,14.62833351,99.4221864
2169,13.09501899,101.390295
2170,13.09469302,101.390428
2171,14.50996359,99.97298498
2172,14.50991276,99.96997813
2173,14.50991276,99.96997813
2174,14.56754104,99.75276255
2175,14.5566133,99.73484808
2176,14.57272616,99.71082172
2177,14.58537641,99.65445603
2178,14.59599803,99.62196567
2179,14.60085269,99.51851534
2180,14.6458191,99.46047952
2181,15.383743,102.463606
2182,15.38371501,102.463424
2183,15.67745998,102.576026
2184,16.04863898,102.924808
2185,16.55347397,103.63615
2186,16.64297299,103.711853
2187,16.72507499,103.758829
2188,17.31054699,103.942964
2189,17.36358901,103.828526
2190,17.36635697,103.823577
2191,17.48303801,103.73022
2192,17.570761,103.73167
2193,17.589098,103.736878
2194,17.63411896,103.798054
2195,17.69092597,103.805738
2196,17.692872,103.805955
2197,17.52922104,104.09277
2198,16.04547498,102.888489
2199,13.68105233,101.242455
2200,13.63379264,101.3212568
2201,13.6958235,101.4249276
2202,13.71284849,101.4666834
2203,13.7186683,101.4668567
2204,13.78155311,101.5490718
2205,13.76938937,101.5971917
2206,14.67984427,101.8965745
2207,14.63589812,101.8373495
2208,14.61345918,101.8780208
2209,14.5941756,101.8882667
2210,14.59290792,101.8907481
2211,14.59029227,101.8942467
2212,14.58963554,101.8927385
2213,14.58195437,101.8918545
2214,14.49313218,101.943473
2215,14.55720437,101.9657081
2216,14.77762118,101.9692718
2217,14.79791318,101.9009737
2218,14.79978863,101.8951693
2219,14.80615611,101.8636905
2220,14.84351987,101.7477754
2221,14.53204072,100.9737648
2222,14.52478375,100.9807329
